dataset ,coarsening_method       ,coarsening_ratio ,experiment ,exp_setup           ,extra_nodes ,cluster_node ,hidden ,runs ,num_layers ,batch_size ,lr   ,ave_acc                                     ,ave_time              ,top_10_acc                                  ,best_acc
cora    ,variation_neighborhoods ,             0.0 ,fixed      ,Gc_train_2_Gs_train ,True        ,False        ,   512 ,  50 ,         2 ,       128 ,0.01 ,0.7906399999999999 +/- 0.00658106374380313  ,0.004513931274414062  ,0.8 +/- 0.003346640106136305                ,0.808
cora    ,variation_neighborhoods ,             0.0 ,few        ,Gc_train_2_Gs_train ,True        ,False        ,   512 ,  50 ,         2 ,       128 ,0.01 ,0.6426762699014406 +/- 0.06306049510044072  ,0.004761533737182617  ,0.7086808188021227 +/- 0.015923183017909855 ,0.7335102350265352
cora    ,variation_neighborhoods ,             0.0 ,fixed      ,Gc_train_2_Gs_infer ,True        ,False        ,   512 ,  50 ,         2 ,       128 ,0.01 ,0.19558 +/- 0.041085320979639434            ,0.0050097513198852535 ,0.2576 +/- 0.01914784583184229              ,0.306
cora    ,variation_neighborhoods ,             0.0 ,few        ,Gc_train_2_Gs_infer ,True        ,False        ,   512 ,  50 ,         2 ,       128 ,0.01 ,0.16606520090978016 +/- 0.10630178012469478 ,0.004584541320800781  ,0.3141394996209249 +/- 0.008167374215222432 ,0.33320697498104623
cora    ,variation_neighborhoods ,             0.0 ,fixed      ,Gs_train_2_Gs_infer ,True        ,False        ,   512 ,  50 ,         2 ,       128 ,0.01 ,0.81998 +/- 0.007854909292919907            ,0.004432868957519531  ,0.8298 +/- 0.0023579652245103214            ,0.835
cora    ,variation_neighborhoods ,             0.0 ,few        ,Gs_train_2_Gs_infer ,True        ,False        ,   512 ,  50 ,         2 ,       128 ,0.01 ,0.6627672479150872 +/- 0.04031055636596213  ,0.00551577091217041   ,0.7178165276724792 +/- 0.0048313855849446   ,0.7255496588324488
