dataset,hidden,runs,num_layers,lr,avg_time,top_10_loss,best_loss
chameleon,512,20,2,0.01,0.002548110485076904,0.5485907103850691 +/- 0.008150040986244797,0.5330684384372949
squirrel,512,20,2,0.01,0.006338047981262207,0.6487208513669462 +/- 0.002888071545974553,0.6419095482759566
crocodile,512,20,2,0.01,0.00622786283493042,0.3809112878653448 +/- 0.0046757549488129465,0.37355819701663023
